{"gradients/fc_layer.weight":{"bins":[-0.0009230017894878983,-0.0008638754370622337,-0.0008047490264289081,-0.0007456226740032434,-0.0006864962633699179,-0.0006273699109442532,-0.0005682435585185885,-0.000509117147885263,-0.0004499907954595983,-0.0003908644139301032,-0.00033173803240060806,-0.0002726116799749434,-0.00021348529844544828,-0.00015435891691595316,-9.523254993837327e-05,-3.610617568483576e-05,2.3020198568701744e-05,8.214657282223925e-05,0.00014127294707577676,0.00020039931405335665,0.00025952569558285177,0.0003186520771123469,0.00037777842953801155,0.00043690481106750667,0.0004960311925970018,0.0005551575450226665,0.000614283955655992,0.0006734103080816567,0.0007325366605073214,0.0007916630711406469,0.0008507894235663116,0.0009099158341996372,0.0009690423030406237,0.0010281687136739492,0.001087295007891953,0.0011464214185252786,0.0012055478291586041,0.001264674123376608,0.0013238005340099335,0.001382926944643259,0.0014420533552765846,0.0015011796494945884,0.001560306060127914,0.0016194324707612395,0.0016785587649792433,0.0017376851756125689,0.0017968115862458944,0.0018559378804638982,0.0019150642910972238,0.0019741905853152275,0.002033316995948553,0.0020924434065818787,0.0021515698172152042,0.00221069622784853,0.0022698226384818554,0.0023289488162845373,0.002388075226917863,0.0024472016375511885,0.002506328048184514,0.0025654544588178396,0.002624580869451165,0.002683707047253847,0.0027428334578871727,0.0028019598685204983,0.002861086279153824],"_type":"histogram","values":[12,42,39,25,58,94,213,269,393,729,900,1278,1850,2592,4885,25676,5829,2937,1647,1075,784,641,571,533,511,422,372,240,200,194,179,161,202,146,158,136,123,79,170,117,132,64,69,112,67,68,43,35,52,48,39,51,35,48,55,33,26,2,2,3,9,14,5,6]},"train_md":2.9841384887695312,"train_mae":0.02372615598142147,"_step":202,"val_r2":0.997374415397644,"test_mae":0.022859033197164536,"gradients/conv_layers.0.weight":{"values":[1,1,0,0,0,0,0,0,2,3,1,2,1,3,5,6,7,8,4,9,6,8,13,5,10,10,10,18,17,14,24,28,28,36,24,36,29,27,20,15,14,11,12,8,4,4,3,3,6,3,1,2,4,0,0,0,1,0,2,0,1,1,0,1],"bins":[-0.01200822088867426,-0.011669469997286797,-0.011330719105899334,-0.010991969145834446,-0.010653218254446983,-0.01031446736305952,-0.009975716471672058,-0.009636965580284595,-0.009298214688897133,-0.008959464728832245,-0.008620713837444782,-0.00828196294605732,-0.007943212054669857,-0.007604461628943682,-0.007265710737556219,-0.006926960311830044,-0.006588209420442581,-0.0062494585290551186,-0.005910708103328943,-0.005571957211941481,-0.005233206786215305,-0.004894455894827843,-0.00455570500344038,-0.004216954577714205,-0.003878203686326742,-0.003539453027769923,-0.0032007023692131042,-0.0028619514778256416,-0.0025232008192688227,-0.0021844501607120037,-0.001845699385739863,-0.0015069486107677221,-0.0011681970208883286,-0.0008294463041238487,-0.0004906955873593688,-0.00015194487059488893,0.00018680584616959095,0.0005255565629340708,0.0008643072796985507,0.0012030580546706915,0.0015418087132275105,0.0018805593717843294,0.0022193100303411484,0.002558060921728611,0.00289681158028543,0.003235562238842249,0.0035743131302297115,0.003913063555955887,0.0042518144473433495,0.004590565338730812,0.004929315764456987,0.00526806665584445,0.005606817081570625,0.005945567972958088,0.0062843188643455505,0.006623069290071726,0.0069618201814591885,0.007300571072846651,0.007639321498572826,0.007978072389960289,0.008316823281347752,0.008655574172735214,0.008994324132800102,0.009333075024187565,0.009671825915575027],"_type":"histogram"},"gradients/conv_layers.6.weight":{"_type":"histogram","values":[19,6,0,0,0,13,12,0,1,18,0,17,56,15,51,69,129,123,111,231,322,709,2784,7074,461,196,141,76,35,14,29,41,7,0,0,10,0,0,1,9,7,6,3,0,0,0,0,0,0,0,0,0,0,0,0,0,0,0,0,0,0,0,2,2],"bins":[-0.0025963212829083204,-0.00248440308496356,-0.0023724851198494434,-0.002260566921904683,-0.002148648723959923,-0.002036730758845806,-0.0019248125609010458,-0.0018128943629562855,-0.001700976281426847,-0.0015890581998974085,-0.0014771400019526482,-0.0013652219204232097,-0.0012533038388937712,-0.0011413856409490108,-0.0010294675594195724,-0.0009175494196824729,-0.0008056312799453735,-0.0006937131402082741,-0.0005817950004711747,-0.0004698769189417362,-0.0003579587792046368,-0.0002460406394675374,-0.00013412252883426845,-2.220440364908427e-05,8.971372153609991e-05,0.0002016318467212841,0.00031354997190646827,0.0004254680825397372,0.0005373862222768366,0.000649304362013936,0.0007612224435433745,0.000873140583280474,0.0009850584901869297,0.0010969765717163682,0.0012088947696611285,0.001320812851190567,0.0014327310491353273,0.0015446491306647658,0.0016565672121942043,0.0017684854101389647,0.0018804034916684031,0.0019923215731978416,0.002104239771142602,0.0022161579690873623,0.002328075934201479,0.0024399941321462393,0.0025519123300909996,0.0026638302952051163,0.0027757484931498766,0.002887666691094637,0.0029995846562087536,0.003111502854153514,0.0032234210520982742,0.003335339017212391,0.0034472572151571512,0.0035591754131019115,0.003671093378216028,0.0037830115761607885,0.003894929774105549,0.0040068477392196655,0.0041187661699950695,0.004230684135109186,0.004342602100223303,0.004454520530998707,0.0045664384961128235]},"gradients/conv_layers.4.bias":{"bins":[-0.01836063526570797,-0.017870312556624413,-0.017379989847540855,-0.016889669001102448,-0.01639934629201889,-0.015909023582935333,-0.015418700873851776,-0.014928379096090794,-0.014438056387007236,-0.01394773367792368,-0.013457411900162697,-0.01296708919107914,-0.012476766481995583,-0.0119864447042346,-0.011496121995151043,-0.01100580021739006,-0.010515477508306503,-0.010025154799222946,-0.009534833021461964,-0.009044510312378407,-0.008554188534617424,-0.008063865825533867,-0.00757354311645031,-0.00708322087302804,-0.00659289862960577,-0.0061025763861835,-0.0056122541427612305,-0.005121931433677673,-0.0046316091902554035,-0.004141286946833134,-0.0036509644705802202,-0.0031606419943273067,-0.002670319750905037,-0.002179997507482767,-0.0016896750312298536,-0.001199352671392262,-0.0007090303115546703,-0.00021870795171707869,0.00027161440812051296,0.0007619367679581046,0.0012522591277956963,0.001742581487633288,0.0022329038474708796,0.002723226323723793,0.003213548567146063,0.0037038708105683327,0.00419419351965189,0.00468451576307416,0.0051748380064964294,0.005665160249918699,0.006155482493340969,0.006645805202424526,0.007136127445846796,0.007626449689269066,0.008116772398352623,0.008607094176113605,0.009097416885197163,0.00958773959428072,0.010078061372041702,0.01056838408112526,0.011058706790208817,0.011549028567969799,0.012039351277053356,0.012529673054814339,0.013019995763897896],"_type":"histogram","values":[1,0,0,0,0,0,0,0,0,0,0,0,0,0,0,0,0,0,0,0,1,0,0,1,0,0,0,1,1,0,0,1,0,2,3,1,2,6,8,0,0,1,0,0,0,1,0,0,0,0,0,0,1,0,0,0,0,0,0,0,0,0,0,1]},"val_mae":0.022759143263101578,