{"gradients/graph_1conv_layers.0.weight":{"bins":[-0.008015868254005909,-0.007768300361931324,-0.007520732004195452,-0.007273164112120867,-0.0070255957543849945,-0.0067780278623104095,-0.006530459970235825,-0.006282891612499952,-0.006035323720425367,-0.005787755828350782,-0.00554018747061491,-0.005292619578540325,-0.00504505168646574,-0.004797483328729868,-0.004549915436655283,-0.004302347078919411,-0.004054779186844826,-0.003807211061939597,-0.0035596429370343685,-0.0033120750449597836,-0.003064506920054555,-0.0028169387951493263,-0.0025693709030747414,-0.0023218027781695127,-0.002074234653264284,-0.0018266665283590555,-0.0015790985198691487,-0.001331530511379242,-0.0010839623864740133,-0.0008363943197764456,-0.0005888262530788779,-0.0003412581863813102,-9.369105100631714e-05,0.00015387701569125056,0.00040144508238881826,0.000649013149086386,0.0008965812157839537,0.0011441493406891823,0.001391717349179089,0.0016392853576689959,0.0018868534825742245,0.002134421607479453,0.0023819897323846817,0.0026295576244592667,0.0028771257493644953,0.003124693874269724,0.003372261766344309,0.0036198298912495375,0.003867398016154766,0.004114965908229351,0.004362534265965223,0.004610102158039808,0.0048576705157756805,0.0051052384078502655,0.0053528062999248505,0.005600374657660723,0.005847942549735308,0.006095510441809893,0.006343078799545765,0.00659064669162035,0.006838214583694935,0.007085782941430807,0.007333350833505392,0.007580919191241264,0.00782848708331585],"_type":"histogram","values":[2,1,1,0,2,3,2,3,2,5,4,9,7,10,12,9,11,20,14,17,11,20,16,20,19,21,19,19,20,20,23,18,18,15,11,8,8,9,9,3,10,5,9,3,8,2,2,4,2,11,1,2,0,2,1,0,3,0,0,4,1,0,0,1]},"gradients/graph_1conv_layers.2.weight":{"_type":"histogram","values":[1,1,0,2,0,1,0,0,1,7,2,11,16,24,21,44,81,109,157,226,385,480,775,1177,2529,5073,3912,3272,3198,2631,2019,1604,1275,1020,770,588,379,246,185,143,113,81,46,32,34,25,14,3,11,5,6,3,6,3,4,2,0,0,1,3,3,3,2,3],"bins":[-0.0006839724956080317,-0.0006568680983036757,-0.0006297636427916586,-0.0006026591872796416,-0.0005755547899752855,-0.0005484503926709294,-0.0005213459371589124,-0.0004942414816468954,-0.0004671370843425393,-0.00044003265793435276,-0.0004129282315261662,-0.00038582380511797965,-0.0003587193787097931,-0.00033161495230160654,-0.00030451052589342,-0.0002774060994852334,-0.00025030167307704687,-0.00022319724666886032,-0.00019609282026067376,-0.0001689883938524872,-0.00014188396744430065,-0.0001147795410361141,-8.767511462792754e-05,-6.057068821974099e-05,-3.346626181155443e-05,-6.361835403367877e-06,2.0742591004818678e-05,4.784701741300523e-05,7.495144382119179e-05,0.00010205587022937834,0.0001291602966375649,0.00015626472304575145,0.000183369149453938,0.00021047357586212456,0.00023757800227031112,0.00026468242867849767,0.0002917868550866842,0.0003188912814948708,0.00034599570790305734,0.0003731001343112439,0.00040020456071943045,0.000427308987127617,0.00045441341353580356,0.0004815178399439901,0.0005086222663521767,0.0005357266636565328,0.0005628311191685498,0.0005899355746805668,0.0006170399719849229,0.000644144369289279,0.000671248824801296,0.000698353280313313,0.0007254576776176691,0.0007525620749220252,0.0007796665304340422,0.0008067709859460592,0.0008338753832504153,0.0008609797805547714,0.0008880842360667884,0.0009151886915788054,0.0009422930888831615,0.0009693974861875176,0.0009965018834918737,0.0010236063972115517,0.0010507107945159078]},"train_loss":0.008336897939443588,"gradients/graph_1fc_layer.weight":{"values":[4,12,32,37,51,67,90,96,107,109,151,159,196,220,231,281,357,370,438,487,518,615,821,1533,2464,3975,28740,4897,2199,1819,1431,1032,726,614,638,462,355,273,168,123,67,51,25,29,48,56,46,23,22,17,21,18,27,31,32,20,11,14,2,3,14,9,5,11],"bins":[-0.002010294469073415,-0.0019343314925208688,-0.0018583685159683228,-0.001782405423000455,-0.0017064424464479089,-0.0016304794698953629,-0.001554516376927495,-0.001478553400374949,-0.001402590423822403,-0.001326627447269857,-0.001250664470717311,-0.001174701377749443,-0.001098738401196897,-0.001022775424644351,-0.0009468123898841441,-0.0008708493551239371,-0.0007948863785713911,-0.0007189234020188451,-0.0006429603672586381,-0.0005669973324984312,-0.0004910343559458852,-0.0004150713502895087,-0.0003391083446331322,-0.00026314533897675574,-0.00018718233332037926,-0.00011121932766400278,-3.5256322007626295e-05,4.0706683648750186e-05,0.00011666968930512667,0.00019263269496150315,0.00026859570061787963,0.0003445587062742561,0.0004205217119306326,0.0004964846884831786,0.0005724477232433856,0.0006484107580035925,0.0007243737345561385,0.0008003367111086845,0.0008762997458688915,0.0009522627806290984,0.0010282257571816444,0.0011041887337341905,0.0011801517102867365,0.0012561148032546043,0.0013320777798071504,0.0014080407563596964,0.0014840038493275642,0.0015599668258801103,0.0016359298024326563,0.0017118927789852023,0.0017878557555377483,0.0018638188485056162,0.0019397818250581622,0.0020157448016107082,0.002091707894578576,0.0021676707547158003,0.002243633847683668,0.002319596940651536,0.00239555980078876,0.002471522893756628,0.0025474857538938522,0.00262344884686172,0.002699411939829588,0.002775374799966812,0.00285133789293468],"_type":"histogram"},"val_mse":0.007969057187438011,"_wandb":{"runtime":1214},"gradients/graph_1conv_layers.8.bias":{"_type":"histogram","values":[1],"bins":[0.006340613588690758,0.006340613588690758]},"train_md":5.694875717163086,"val_r2":0.9913034439086914,"gradients/graph_1conv_layers.8.weight":{"bins":[-8.313044963870198e-05,1.1972224456258118e-06,8.55248945299536e-05,0.000169852573890239,0.00025418022414669394,0.00033850790350697935,0.00042283558286726475,0.0005071632331237197,0.0005914909415878356,0.0006758185918442905,0.0007601463003084064,0.0008444739505648613,0.0009288016008213162,0.0010131292510777712,0.001097457017749548,0.001181784668006003,0.0012661123182624578,0.0013504399685189128,0.0014347676187753677,0.0015190952690318227,0.0016034230357035995,0.0016877506859600544,0.0017720783362165093,0.0018564059864729643,0.0019407336367294192,0.002025061286985874,0.002109389053657651,0.002193716587498784,0.002278044354170561,0.0023623721208423376,0.0024466996546834707,0.0025310274213552475,0.0026153551880270243,0.002699682954698801,0.002784010488539934,0.002868338255211711,0.002952665789052844,0.003036993555724621,0.0031213213223963976,0.0032056488562375307,0.0032899766229093075,0.0033743041567504406,0.0034586319234222174,0.003542959690093994,0.0036272872239351273,0.003711614990606904,0.003795942524448037,0.003880270291119814,0.003964597824960947,0.0040489258244633675,0.004133253358304501,0.004217580892145634,0.004301908425986767,0.004386236425489187,0.00447056395933032,0.0045548914931714535,0.004639219492673874,0.004723547026515007,0.00480787456035614,0.0048922025598585606,0.004976530093699694,0.005060857627540827,0.00514518516138196,0.00522951316088438,0.0053138406947255135],"_type":"histogram","values":[116,84,56,15,11,5,1,0,0,0,0,0,0,0,0,0,0,0,0,0,0,0,0,0,0,0,0,4,5,9,16,13,8,7,17,15,9,5,2,1,2,5,5,6,7,13,3,6,10,9,15,15,21,16,9,0,2,1,3,4,4,6,7,8]},"val_mae":0.04091088846325874,"epoch":7,"val_loss":0.007969057187438011,"gradients/graph_1fc_layer.bias":{"_type":"histogram","values":[2,1,1,0,0,0,0,0,1,2,0,2,2,2,0,0,0,1,1,1,0,1,1,4,7,5,3,4,8,3,6,7,7,7,6,6,9,8,3,14,10,13,7,21,11,18,22,30,31,34,51,101,125,7,8,2,3,0,3,1,1,0,0,1],